Title,Short_Title,Author,Short_Author,Year,Category,File,Link
Manifesto of the Communist Party,Communist Manifesto,Karl Marx / Friedrich Engels,Marx & Engles,1848,Communism,marx.txt,https://www.gutenberg.org/ebooks/61.txt.utf-8
The Futurist Manifesto,Futurist Manifesto,Filippo Tommaso Marinetti,Marinetti,1909,Futurism,marinetti.txt,https://www.societyforasianart.org/sites/default/files/manifesto_futurista.pdf
Manifesto of the Futurist Painters,Manifesto of Futurist Painters,Giacomo Balla / Umberto Boccioni / Carlo Carrà / Luigi Russolo / Gino Severini,Balla et al,1910,Futurism,balla.txt,https://391.org/manifestos/1910-manifesto-of-futurist-painters-boccioni-carra-russolo-balla-severini/
Variant of a Manifesto,Variant of a Manifesto,Dziga Vertov,Vertov,1922,Futurism,vertov.txt,https://monoskop.org/images/6/66/Vertov_Dziga_1922_1984_We_Variant_of_a_Manifesto.pdf
Dada Manifesto,Dada,Tristan Tzara,Tzara,1918,Dadaism,dada.txt,https://writing.upenn.edu/library/Tzara_Dada-Manifesto_1918.pdf
Manifesto of Monsieur Aa the Antiphilosopher ,Manifesto - Antiphilosopher ,Tristan Tzara,Tzara,1920,Dadaism,tzara2.txt,https://391.org/manifestos/1920-manifesto-of-monsieur-aa-the-antiphilosopher-tristan-tzara/
Dada Cannibalistic Manifesto,Dada Cannibalistic Manifesto,Francis Picabia,Picabia,1920,Dadaism,picabia.txt,https://mariabuszek.com/mariabuszek/kcai/DadaSurrealism/DadaSurrReadings/PicabiaMnfsto.pdf
The Pleasures of Dada,Pleasures of Dada,Georges Ribemont-Dessaignes,Ribemont-Dessaignes,1920,Dadaism,ribemont.txt,https://pavlopoulos.wordpress.com/fragments/dessaignes/
First German Dada Manifesto,First German Dada Manifesto,Richard Huelsenbeck,Huelsenbeck,1918,Dadaism,huelsenbeck.txt,https://ghdi.ghi-dc.org/docpage.cfm?docpage_id=4989
We Must Create ,We Must Create ,Vicente Huidobro,Huidobro,1922,Stridentism,huidobro.txt,https://kuenstlermanifeste.wordpress.com/2021/01/05/we-must-create/
The Realist Manifesto,Realist Manifesto,Naum Gabo / Antoine Pevsne,Gabo et al,1920,Stridentism,gabo.txt,https://391.org/manifestos/1920-realist-manifesto-naum-gabo-antoine-pevsner/
White Manifesto,White Manifesto,Lucio Fontana,Fontana,1946,Situationism,fontana.txt,https://391.org/manifestos/manifiesto-blanco-white-manifesto-1946/
Draft Manifesto,Draft Manifesto,John Reed Club of New York,John Reed Club,1932,Situationism,reed.txt,https://revolutionsnewsstand.com/2023/06/06/draft-manifesto-of-the-john-reed-clubs-from-the-new-masses-vol-7-no-12-june-1932/
Manifesto,Manifesto,Constant Nieuwenhuys,Nieuwenhuys,1948,Situationism,nieuwenhuys.txt,https://stichtingconstant.nl/system/files/1948_manifesto.pdf
Situationist Manifesto,Situationist Manifesto,Guy Debord,Debord,1960,Situationism,debord.txt,https://www.google.com/url?sa=t&source=web&rct=j&opi=89978449&url=https://library.norwichuni.ac.uk/app/uploads/2021/09/Situationist-Manifesto.docx&ved=2ahUKEwj8-NrC0eGIAxWlUkEAHfUFIqYQFnoECBMQAQ&usg=AOvVaw3kmLlVzBzDqCffV4ZvskW0
No Manifesto,No Manifesto,Yvonne Rainer,Rainer,1965,Fluxus,rainer.txt,https://www.ktufsd.org/cms/lib/NY19000262/Centricity/Domain/116/No%20Manifesto.pdf
First Manifesto of Surrealism ,First Manifesto of Surrealism ,André Breton,Breton,1924,Surrealism,breton1.txt,http://www.kristinedoor.com/uploads/1/1/4/0/11407928/manifestopdf.pdf
The Second Manifesto of Surrealism - Selections,Second Manifesto of Surrealism,André Breton,Breton,1929,Surrealism,breton2.txt,https://www.arthistoryproject.com/artists/andre-breton/the-second-manifesto-of-surrealism-selections/
Down with Seriousism!,Down with Seriousism!,Bruno Taut,Taut,1920,Architecture,taut1.txt,https://designmanifestos.org/bruno-taut-down-with-seriousism/
Manifesto of Futurist Architecture,Manifesto of Futurist Architecture,Antonio Sant'Elia,Sant'Elia,1914,Architecture,antonio.txt,https://evolutionaryurbanism.com/2017/02/28/manifesto-of-futurist-architecture/
Architecture Must Blaze,Architecture Must Blaze,Coop Himmelb(l)au,Himmelb(l)au,1980,Architecture,blaze.txt,https://designmanifestos.org/coop-himmelblau-architecture-must-blaze/
Non-Straightforward Architecture: A Gentle Manifesto,Gentle Manifesto ,Robert Venturi,Venturi,1966,Architecture,venturi.txt,https://designmanifestos.org/robert-venturi-nonstraightforward-architecture-a-gentle-manifesto/
Suprematist Manifesto,Suprematist Manifesto,Kazimir Malevich,Malevich,1916,Suprematism,malevich.txt,https://designmanifestos.org/kazimir-malevich-the-manifesto-of-suprematism/
I am for an Art...,I am for an Art...,Claes Oldenburg,Oldenburg,1963,Pop art,oldenburg.txt,https://www.csus.edu/indiv/o/obriene/art112/readings/oldenburg%20i%20am%20for%20an%20art.pdf
Paragraphs on Conceptual Art,Paragraphs on Conceptual Art,Sol LeWitt,LeWitt,1967,Conceptual Art,lewitt.txt,https://monoskop.org/images/3/3d/LeWitt_Sol_1967_1999_Paragraphs_on_Conceptual_Art.pdf
Sentences on Conceptual Art,Sentences on Conceptual Art,Sol LeWitt,LeWitt,1969,Conceptual Art,lewitt2.txt,https://monoskop.org/images/3/3d/LeWitt_Sol_1969_1999_Sentences_on_Conceptual_Art.pdf
